{
    "load": "<a:atlanta_loading:743090350490648727>",
    "verified": "✅",
    "error": "❌",
    "info": "📰",
    "music": "<:atlanta_playlist:598167786195517440>",
    "queue": "<:atlanta_time:598169056125911040>",
    "success": "<:atlanta_success:736144092123234354>",
    "music1": "<:atlanta_voice:598176518891372560>",
    "fun": "<:atlanta_minecraft:598170502963396620>",
    "chatbot": "<:atlanta_bot:598173448543666187>",
    "image": "<:atlanta_crown:598174064183607317>",
    "anime": "<:atlanta_fun_category:789030226607996958>",
    "nsfw": "",
    "other": ""
}
